order_id,product_id,qty,id,amount,created,product_name
1,3,2,1,2012.00,2012-04-17 00:00:00,test new 
2,1,2,2,123.00,2012-04-17 00:00:00,test 1
1,25,1,3,7.95,2012-05-11 00:00:00,Silly Party Dances CD & DVD
2,22,2,4,9.95,2012-05-12 00:00:00,Lizzie Soft Toy
4,22,1,5,9.95,2012-05-14 00:00:00,Lizzie Soft Toy
5,25,1,6,7.95,2012-05-15 00:00:00,Silly Party Dances CD & DVD
6,24,1,7,5.95,2012-05-15 00:00:00,T-shirt (Ages 5-6)
7,25,1,8,7.95,2012-05-16 00:00:00,Silly Party Dances CD & DVD
8,25,1,9,7.95,2012-05-16 00:00:00,Silly Party Dances CD & DVD
9,10,1,10,3.45,2012-05-18 00:00:00,Swimming Arm Bands
9,16,1,11,0.95,2012-05-18 00:00:00,Lizzie Drinking Straw
10,25,1,12,7.95,2012-05-18 00:00:00,Silly Party Dances CD & DVD
10,23,1,13,9.95,2012-05-18 00:00:00,Sid Soft Toy
11,25,1,14,7.95,2012-05-19 00:00:00,Silly Party Dances CD & DVD
12,24,1,15,5.95,2012-05-22 00:00:00,T-shirt (Ages 5-6)
12,25,1,16,7.95,2012-05-22 00:00:00,Silly Party Dances CD & DVD
12,12,1,17,3.95,2012-05-22 00:00:00,Zip Case
13,10,1,18,3.45,2012-05-30 00:00:00,Swimming Arm Bands
14,25,1,19,7.95,2012-05-31 00:00:00,Silly Party Dances CD & DVD
15,23,1,20,9.95,2012-06-01 00:00:00,Sid Soft Toy
15,22,1,21,9.95,2012-06-01 00:00:00,Lizzie Soft Toy
16,18,1,22,3.95,2012-06-01 00:00:00,Cap - Blue
17,22,1,23,9.95,2012-06-01 00:00:00,Lizzie Soft Toy
18,25,1,24,7.95,2012-06-05 00:00:00,Silly Party Dances CD & DVD
19,22,1,25,9.95,2012-06-07 00:00:00,Lizzie Soft Toy
20,22,1,26,9.95,2012-06-08 00:00:00,Lizzie Soft Toy
20,24,1,27,5.95,2012-06-08 00:00:00,T-shirt (Ages 5-6)
20,21,1,28,5.95,2012-06-08 00:00:00,T-shirt (Ages 7-8)
20,13,1,29,4.95,2012-06-08 00:00:00,Sid Wallet
21,25,1,30,7.95,2012-06-10 00:00:00,Silly Party Dances CD & DVD
22,25,1,31,7.95,2012-06-10 00:00:00,Silly Party Dances CD & DVD
23,13,1,32,4.95,2012-06-11 00:00:00,Sid Wallet
24,22,1,33,9.95,2012-06-13 00:00:00,Lizzie Soft Toy
25,25,1,34,7.95,2012-06-15 00:00:00,Silly Party Dances CD & DVD
26,25,1,35,7.95,2012-06-15 00:00:00,Silly Party Dances CD & DVD
27,25,1,36,7.95,2012-06-16 00:00:00,Silly Party Dances CD & DVD
28,22,2,37,9.95,2012-06-16 00:00:00,Lizzie Soft Toy
28,23,1,38,9.95,2012-06-16 00:00:00,Sid Soft Toy
29,16,1,39,0.95,2012-06-16 00:00:00,Lizzie Drinking Straw
29,15,1,40,0.95,2012-06-16 00:00:00,Sid Drinking Straw
29,18,1,41,3.95,2012-06-16 00:00:00,Cap - Blue
30,25,1,42,7.95,2012-06-17 00:00:00,Silly Party Dances CD & DVD
32,15,1,43,0.95,2012-06-19 00:00:00,Sid Drinking Straw
32,16,1,44,0.95,2012-06-19 00:00:00,Lizzie Drinking Straw
32,17,2,45,0.25,2012-06-19 00:00:00,Postcard
32,11,1,46,4.75,2012-06-19 00:00:00,Photo Frame
33,23,1,47,9.95,2012-06-20 00:00:00,Sid Soft Toy
33,22,1,48,9.95,2012-06-20 00:00:00,Lizzie Soft Toy
33,15,1,49,0.95,2012-06-20 00:00:00,Sid Drinking Straw
33,16,1,50,0.95,2012-06-20 00:00:00,Lizzie Drinking Straw
37,22,1,51,9.95,2012-06-24 00:00:00,Lizzie Soft Toy
37,24,1,52,5.95,2012-06-24 00:00:00,T-shirt (Ages 5-6)
38,22,1,53,9.95,2012-06-24 00:00:00,Lizzie Soft Toy
39,15,10,54,0.95,2012-06-24 00:00:00,Sid Drinking Straw
39,16,10,55,0.95,2012-06-24 00:00:00,Lizzie Drinking Straw
40,12,1,56,3.95,2012-06-26 00:00:00,Zip Case
41,24,1,57,5.95,2012-06-27 00:00:00,T-shirt (Ages 5-6)
41,16,1,58,0.95,2012-06-27 00:00:00,Lizzie Drinking Straw
41,15,1,59,0.95,2012-06-27 00:00:00,Sid Drinking Straw
41,21,1,60,5.95,2012-06-27 00:00:00,T-shirt (Ages 7-8)
41,18,1,61,3.95,2012-06-27 00:00:00,Cap - Blue
42,22,1,62,9.95,2012-06-29 00:00:00,Lizzie Soft Toy
44,22,1,63,9.95,2012-07-01 00:00:00,Lizzie Soft Toy
44,11,1,64,4.75,2012-07-01 00:00:00,Photo Frame
44,17,1,65,0.25,2012-07-01 00:00:00,Postcard
45,22,1,66,9.95,2012-07-02 00:00:00,Lizzie Soft Toy
46,22,1,67,9.95,2012-07-04 00:00:00,Lizzie Soft Toy
47,19,1,68,3.95,2012-07-06 00:00:00,Cap - Fushia
47,22,1,69,9.95,2012-07-06 00:00:00,Lizzie Soft Toy
48,22,1,70,9.95,2012-07-06 00:00:00,Lizzie Soft Toy
48,17,1,71,0.25,2012-07-06 00:00:00,Postcard
48,16,1,72,0.95,2012-07-06 00:00:00,Lizzie Drinking Straw
49,22,1,73,9.95,2012-07-07 00:00:00,Lizzie Soft Toy
50,22,1,74,9.95,2012-07-07 00:00:00,Lizzie Soft Toy
51,22,1,75,9.95,2012-07-08 00:00:00,Lizzie Soft Toy
51,24,1,76,5.95,2012-07-08 00:00:00,T-shirt (Ages 5-6)
52,22,1,77,9.95,2012-07-10 00:00:00,Lizzie Soft Toy
52,19,1,78,3.95,2012-07-10 00:00:00,Cap - Fushia
52,18,1,79,3.95,2012-07-10 00:00:00,Cap - Blue
53,23,1,80,9.95,2012-07-11 00:00:00,Sid Soft Toy
53,16,1,81,0.95,2012-07-11 00:00:00,Lizzie Drinking Straw
53,24,1,82,5.95,2012-07-11 00:00:00,T-shirt (Ages 5-6)
56,23,1,83,9.95,2012-07-12 00:00:00,Sid Soft Toy
58,22,1,84,9.95,2012-07-13 00:00:00,Lizzie Soft Toy
59,15,1,85,0.95,2012-07-16 00:00:00,Sid Drinking Straw
59,16,1,86,0.95,2012-07-16 00:00:00,Lizzie Drinking Straw
62,23,1,87,9.95,2012-07-19 00:00:00,Sid Soft Toy
62,22,1,88,9.95,2012-07-19 00:00:00,Lizzie Soft Toy
63,22,1,89,9.95,2012-07-19 00:00:00,Lizzie Soft Toy
64,22,1,90,9.95,2012-07-22 00:00:00,Lizzie Soft Toy
64,23,1,91,9.95,2012-07-22 00:00:00,Sid Soft Toy
65,22,1,92,9.95,2012-07-23 00:00:00,Lizzie Soft Toy
66,22,1,93,9.95,2012-07-23 00:00:00,Lizzie Soft Toy
66,21,3,94,5.95,2012-07-23 00:00:00,T-shirt (Ages 7-8)
68,22,2,95,9.95,2012-07-26 00:00:00,Lizzie Soft Toy
69,21,1,96,5.95,2012-07-27 00:00:00,T-shirt (Ages 7-8)
69,23,1,97,9.95,2012-07-27 00:00:00,Sid Soft Toy
69,22,1,98,9.95,2012-07-27 00:00:00,Lizzie Soft Toy
69,15,1,99,0.95,2012-07-27 00:00:00,Sid Drinking Straw
69,11,1,100,4.75,2012-07-27 00:00:00,Photo Frame
70,24,1,101,5.95,2012-07-27 00:00:00,T-shirt (Ages 5-6)
71,22,1,102,9.95,2012-07-28 00:00:00,Lizzie Soft Toy
71,16,1,103,0.95,2012-07-28 00:00:00,Lizzie Drinking Straw
71,15,1,104,0.95,2012-07-28 00:00:00,Sid Drinking Straw
72,12,1,105,3.95,2012-07-28 00:00:00,Zip Case
72,10,1,106,3.45,2012-07-28 00:00:00,Swimming Arm Bands
72,15,1,107,0.95,2012-07-28 00:00:00,Sid Drinking Straw
73,22,1,108,9.95,2012-07-29 00:00:00,Lizzie Soft Toy
74,22,1,109,9.95,2012-07-30 00:00:00,Lizzie Soft Toy
75,23,1,110,9.95,2012-07-30 00:00:00,Sid Soft Toy
76,22,1,111,9.95,2012-07-30 00:00:00,Lizzie Soft Toy
77,22,1,112,9.95,2012-07-31 00:00:00,Lizzie Soft Toy
77,16,1,113,0.95,2012-07-31 00:00:00,Lizzie Drinking Straw
78,22,1,114,9.95,2012-07-31 00:00:00,Lizzie Soft Toy
78,23,1,115,9.95,2012-07-31 00:00:00,Sid Soft Toy
79,25,1,116,7.95,2012-08-02 00:00:00,Silly Party Dances CD & DVD
79,24,1,117,5.95,2012-08-02 00:00:00,T-shirt (Ages 5-6)
80,11,1,118,4.75,2012-08-03 00:00:00,Photo Frame
81,25,1,119,7.95,2012-08-03 00:00:00,Silly Party Dances CD & DVD
82,11,2,120,4.75,2012-08-04 00:00:00,Photo Frame
82,24,1,121,5.95,2012-08-04 00:00:00,T-shirt (Ages 5-6)
83,23,1,122,9.95,2012-08-05 00:00:00,Sid Soft Toy
84,22,1,123,9.95,2012-08-05 00:00:00,Lizzie Soft Toy
85,22,1,124,9.95,2012-08-07 00:00:00,Lizzie Soft Toy
86,23,1,125,9.95,2012-08-07 00:00:00,Sid Soft Toy
86,11,3,126,4.75,2012-08-07 00:00:00,Photo Frame
87,23,1,127,9.95,2012-08-08 00:00:00,Sid Soft Toy
87,22,1,128,9.95,2012-08-08 00:00:00,Lizzie Soft Toy
87,25,1,129,7.95,2012-08-08 00:00:00,Silly Party Dances CD & DVD
88,22,2,130,9.95,2012-08-08 00:00:00,Lizzie Soft Toy
89,22,2,131,9.95,2012-08-09 00:00:00,Lizzie Soft Toy
89,23,2,132,9.95,2012-08-09 00:00:00,Sid Soft Toy
90,22,1,133,9.95,2012-08-10 00:00:00,Lizzie Soft Toy
91,22,1,134,9.95,2012-08-10 00:00:00,Lizzie Soft Toy
92,22,2,135,9.95,2012-08-10 00:00:00,Lizzie Soft Toy
92,17,2,136,0.25,2012-08-10 00:00:00,Postcard
93,25,1,137,7.95,2012-08-11 00:00:00,Silly Party Dances CD & DVD
94,23,1,138,9.95,2012-08-12 00:00:00,Sid Soft Toy
95,25,1,139,7.95,2012-08-12 00:00:00,Silly Party Dances CD & DVD
95,24,1,140,5.95,2012-08-12 00:00:00,T-shirt (Ages 5-6)
95,22,1,141,9.95,2012-08-12 00:00:00,Lizzie Soft Toy
96,23,1,142,9.95,2012-08-12 00:00:00,Sid Soft Toy
96,22,1,143,9.95,2012-08-12 00:00:00,Lizzie Soft Toy
97,23,1,144,9.95,2012-08-12 00:00:00,Sid Soft Toy
97,22,1,145,9.95,2012-08-12 00:00:00,Lizzie Soft Toy
98,22,1,146,9.95,2012-08-13 00:00:00,Lizzie Soft Toy
99,25,2,147,7.95,2012-08-13 00:00:00,Silly Party Dances CD & DVD
100,23,1,148,9.95,2012-08-13 00:00:00,Sid Soft Toy
100,25,1,149,7.95,2012-08-13 00:00:00,Silly Party Dances CD & DVD
101,23,1,150,9.95,2012-08-13 00:00:00,Sid Soft Toy
102,25,1,151,7.95,2012-08-13 00:00:00,Silly Party Dances CD & DVD
103,23,2,152,9.95,2012-08-15 00:00:00,Sid Soft Toy
103,25,1,153,7.95,2012-08-15 00:00:00,Silly Party Dances CD & DVD
105,23,1,154,9.95,2012-08-15 00:00:00,Sid Soft Toy
106,25,1,155,7.95,2012-08-18 00:00:00,Silly Party Dances CD & DVD
107,24,1,156,5.95,2012-08-19 00:00:00,T-shirt (Ages 5-6)
108,25,2,157,7.95,2012-08-20 00:00:00,Silly Party Dances CD & DVD
109,22,1,158,9.95,2012-08-24 00:00:00,Lizzie Soft Toy
110,22,1,159,9.95,2012-08-25 00:00:00,Lizzie Soft Toy
111,25,1,160,7.95,2012-08-25 00:00:00,Silly Party Dances CD & DVD
111,22,1,161,9.95,2012-08-25 00:00:00,Lizzie Soft Toy
112,23,1,162,9.95,2012-08-25 00:00:00,Sid Soft Toy
112,22,1,163,9.95,2012-08-25 00:00:00,Lizzie Soft Toy
113,22,1,164,9.95,2012-08-26 00:00:00,Lizzie Soft Toy
113,25,1,165,7.95,2012-08-26 00:00:00,Silly Party Dances CD & DVD
114,10,1,166,3.45,2012-08-26 00:00:00,Swimming Arm Bands
115,22,1,167,9.95,2012-08-26 00:00:00,Lizzie Soft Toy
116,22,1,168,9.95,2012-08-27 00:00:00,Lizzie Soft Toy
116,23,1,169,9.95,2012-08-27 00:00:00,Sid Soft Toy
117,25,2,170,7.95,2012-08-27 00:00:00,Silly Party Dances CD & DVD
118,24,1,171,5.95,2012-08-27 00:00:00,T-shirt (Ages 5-6)
119,22,2,172,9.95,2012-08-28 00:00:00,Lizzie Soft Toy
120,22,1,173,9.95,2012-08-28 00:00:00,Lizzie Soft Toy
121,16,1,174,0.95,2012-08-29 00:00:00,Lizzie Drinking Straw
121,25,1,175,7.95,2012-08-29 00:00:00,Silly Party Dances CD & DVD
122,22,1,176,9.95,2012-08-30 00:00:00,Lizzie Soft Toy
123,22,1,177,9.95,2012-08-30 00:00:00,Lizzie Soft Toy
124,23,1,178,9.95,2012-09-01 00:00:00,Sid Soft Toy
125,25,1,179,7.95,2012-09-01 00:00:00,Silly Party Dances CD & DVD
126,23,2,180,9.95,2012-09-02 00:00:00,Sid Soft Toy
127,25,1,181,7.95,2012-09-02 00:00:00,Silly Party Dances CD & DVD
128,22,1,182,9.95,2012-09-03 00:00:00,Lizzie Soft Toy
129,22,1,183,9.95,2012-09-03 00:00:00,Lizzie Soft Toy
129,25,1,184,7.95,2012-09-03 00:00:00,Silly Party Dances CD & DVD
130,22,1,185,9.95,2012-09-03 00:00:00,Lizzie Soft Toy
131,21,1,186,5.95,2012-09-06 00:00:00,T-shirt (Ages 7-8)
131,24,1,187,5.95,2012-09-06 00:00:00,T-shirt (Ages 5-6)
132,15,1,188,0.95,2012-09-09 00:00:00,Sid Drinking Straw
132,16,1,189,0.95,2012-09-09 00:00:00,Lizzie Drinking Straw
132,19,1,190,3.95,2012-09-09 00:00:00,Cap - Fushia
132,18,1,191,3.95,2012-09-09 00:00:00,Cap - Blue
132,25,1,192,7.95,2012-09-09 00:00:00,Silly Party Dances CD & DVD
133,23,1,193,9.95,2012-09-09 00:00:00,Sid Soft Toy
133,22,1,194,9.95,2012-09-09 00:00:00,Lizzie Soft Toy
134,10,1,195,3.45,2012-09-10 00:00:00,Swimming Arm Bands
134,17,1,196,0.25,2012-09-10 00:00:00,Postcard
135,23,1,197,9.95,2012-09-10 00:00:00,Sid Soft Toy
135,22,1,198,9.95,2012-09-10 00:00:00,Lizzie Soft Toy
136,22,1,199,9.95,2012-09-11 00:00:00,Lizzie Soft Toy
137,22,1,200,9.95,2012-09-11 00:00:00,Lizzie Soft Toy
138,23,1,201,9.95,2012-09-11 00:00:00,Sid Soft Toy
139,22,1,202,9.95,2012-09-12 00:00:00,Lizzie Soft Toy
139,23,1,203,9.95,2012-09-12 00:00:00,Sid Soft Toy
140,25,1,204,7.95,2012-09-12 00:00:00,Silly Party Dances CD & DVD
141,22,1,205,9.95,2012-09-13 00:00:00,Lizzie Soft Toy
142,22,1,206,9.95,2012-09-13 00:00:00,Lizzie Soft Toy
143,24,1,207,5.95,2012-09-15 00:00:00,T-shirt (Ages 5-6)
143,25,1,208,7.95,2012-09-15 00:00:00,Silly Party Dances CD & DVD
144,22,1,209,9.95,2012-09-16 00:00:00,Lizzie Soft Toy
144,15,1,210,0.95,2012-09-16 00:00:00,Sid Drinking Straw
144,16,1,211,0.95,2012-09-16 00:00:00,Lizzie Drinking Straw
144,18,1,212,3.95,2012-09-16 00:00:00,Cap - Blue
145,23,1,213,9.95,2012-09-16 00:00:00,Sid Soft Toy
145,22,1,214,9.95,2012-09-16 00:00:00,Lizzie Soft Toy
145,15,1,215,0.95,2012-09-16 00:00:00,Sid Drinking Straw
145,16,1,216,0.95,2012-09-16 00:00:00,Lizzie Drinking Straw
146,23,1,217,9.95,2012-09-17 00:00:00,Sid Soft Toy
146,22,1,218,9.95,2012-09-17 00:00:00,Lizzie Soft Toy
147,25,1,219,7.95,2012-09-17 00:00:00,Silly Party Dances CD & DVD
147,16,2,220,0.95,2012-09-17 00:00:00,Lizzie Drinking Straw
147,15,1,221,0.95,2012-09-17 00:00:00,Sid Drinking Straw
147,17,2,222,0.25,2012-09-17 00:00:00,Postcard
148,25,1,223,7.95,2012-09-18 00:00:00,Silly Party Dances CD & DVD
149,22,1,224,9.95,2012-09-19 00:00:00,Lizzie Soft Toy
150,24,1,225,5.95,2012-09-20 00:00:00,T-shirt (Ages 5-6)
150,23,1,226,9.95,2012-09-20 00:00:00,Sid Soft Toy
150,22,1,227,9.95,2012-09-20 00:00:00,Lizzie Soft Toy
151,23,1,228,9.95,2012-09-22 00:00:00,Sid Soft Toy
152,23,2,229,9.95,2012-09-22 00:00:00,Sid Soft Toy
153,25,1,230,7.95,2012-09-24 00:00:00,Silly Party Dances CD & DVD
154,25,1,231,7.95,2012-09-25 00:00:00,Silly Party Dances CD & DVD
155,23,3,232,9.95,2012-09-26 00:00:00,Sid Soft Toy
155,22,3,233,9.95,2012-09-26 00:00:00,Lizzie Soft Toy
156,18,1,234,3.95,2012-09-28 00:00:00,Cap - Blue
156,25,1,235,7.95,2012-09-28 00:00:00,Silly Party Dances CD & DVD
156,24,1,236,5.95,2012-09-28 00:00:00,T-shirt (Ages 5-6)
159,25,1,237,7.95,2012-09-28 00:00:00,Silly Party Dances CD & DVD
159,19,1,238,3.95,2012-09-28 00:00:00,Cap - Fushia
160,23,1,239,9.95,2012-09-28 00:00:00,Sid Soft Toy
160,22,1,240,9.95,2012-09-28 00:00:00,Lizzie Soft Toy
161,23,1,241,9.95,2012-09-29 00:00:00,Sid Soft Toy
162,25,1,242,7.95,2012-09-29 00:00:00,Silly Party Dances CD & DVD
163,23,1,243,9.95,2012-10-01 00:00:00,Sid Soft Toy
164,22,1,244,9.95,2012-10-02 00:00:00,Lizzie Soft Toy
165,23,1,245,9.95,2012-10-05 00:00:00,Sid Soft Toy
166,22,1,246,9.95,2012-10-05 00:00:00,Lizzie Soft Toy
167,25,1,247,7.95,2012-10-06 00:00:00,Silly Party Dances CD & DVD
168,23,1,248,9.95,2012-10-06 00:00:00,Sid Soft Toy
169,25,1,249,7.95,2012-10-07 00:00:00,Silly Party Dances CD & DVD
170,25,1,250,7.95,2012-10-08 00:00:00,Silly Party Dances CD & DVD
172,22,1,251,9.95,2012-10-10 00:00:00,Lizzie Soft Toy
173,25,1,252,7.95,2012-11-08 00:00:00,Silly Party Dances CD & DVD
173,11,1,253,4.75,2012-11-08 00:00:00,Photo Frame
174,25,1,254,7.95,2012-11-09 00:00:00,Silly Party Dances CD & DVD
174,23,1,255,9.95,2012-11-09 00:00:00,Sid Soft Toy
175,25,1,256,7.95,2012-11-09 00:00:00,Silly Party Dances CD & DVD
176,25,1,257,7.95,2012-11-09 00:00:00,Silly Party Dances CD & DVD
177,23,1,258,9.95,2012-11-10 00:00:00,Sid Soft Toy
177,22,1,259,9.95,2012-11-10 00:00:00,Lizzie Soft Toy
177,13,1,260,4.95,2012-11-10 00:00:00,Sid Wallet
178,22,2,261,9.95,2012-11-10 00:00:00,Lizzie Soft Toy
179,22,1,262,9.95,2012-11-10 00:00:00,Lizzie Soft Toy
179,23,1,263,9.95,2012-11-10 00:00:00,Sid Soft Toy
180,25,1,264,7.95,2012-11-12 00:00:00,Silly Party Dances CD & DVD
181,22,1,265,9.95,2012-11-12 00:00:00,Lizzie Soft Toy
182,21,1,266,5.95,2012-11-13 00:00:00,T-shirt (Ages 7-8)
183,25,1,267,7.95,2012-11-13 00:00:00,Silly Party Dances CD & DVD
183,22,1,268,9.95,2012-11-13 00:00:00,Lizzie Soft Toy
183,15,2,269,0.95,2012-11-13 00:00:00,Sid Drinking Straw
183,16,2,270,0.95,2012-11-13 00:00:00,Lizzie Drinking Straw
183,19,1,271,3.95,2012-11-13 00:00:00,Cap - Fushia
183,24,1,272,5.95,2012-11-13 00:00:00,T-shirt (Ages 5-6)
184,22,1,273,9.95,2012-11-13 00:00:00,Lizzie Soft Toy
184,24,1,274,5.95,2012-11-13 00:00:00,T-shirt (Ages 5-6)
185,22,1,275,9.95,2012-11-13 00:00:00,Lizzie Soft Toy
186,22,1,276,9.95,2012-11-15 00:00:00,Lizzie Soft Toy
187,23,1,277,9.95,2012-11-15 00:00:00,Sid Soft Toy
187,22,1,278,9.95,2012-11-15 00:00:00,Lizzie Soft Toy
188,23,1,279,9.95,2012-11-15 00:00:00,Sid Soft Toy
188,22,1,280,9.95,2012-11-15 00:00:00,Lizzie Soft Toy
189,22,1,281,9.95,2012-11-16 00:00:00,Lizzie Soft Toy
190,25,1,282,7.95,2012-11-16 00:00:00,Silly Party Dances CD & DVD
191,22,1,283,9.95,2012-11-16 00:00:00,Lizzie Soft Toy
191,23,1,284,9.95,2012-11-16 00:00:00,Sid Soft Toy
192,23,1,285,9.95,2012-11-17 00:00:00,Sid Soft Toy
193,23,1,286,9.95,2012-11-18 00:00:00,Sid Soft Toy
193,25,1,287,7.95,2012-11-18 00:00:00,Silly Party Dances CD & DVD
194,25,1,288,7.95,2012-11-18 00:00:00,Silly Party Dances CD & DVD
194,22,1,289,9.95,2012-11-18 00:00:00,Lizzie Soft Toy
194,15,1,290,0.95,2012-11-18 00:00:00,Sid Drinking Straw
195,22,1,291,9.95,2012-11-21 00:00:00,Lizzie Soft Toy
196,22,1,292,9.95,2012-11-22 00:00:00,Lizzie Soft Toy
197,22,1,293,9.95,2012-11-25 00:00:00,Lizzie Soft Toy
197,23,1,294,9.95,2012-11-25 00:00:00,Sid Soft Toy
198,22,1,295,9.95,2012-11-27 00:00:00,Lizzie Soft Toy
199,23,1,296,9.95,2012-12-03 00:00:00,Sid Soft Toy
199,22,1,297,9.95,2012-12-03 00:00:00,Lizzie Soft Toy
200,22,2,298,9.95,2012-12-03 00:00:00,Lizzie Soft Toy
201,25,1,299,7.95,2012-12-03 00:00:00,Silly Party Dances CD & DVD
201,24,1,300,5.95,2012-12-03 00:00:00,T-shirt (Ages 5-6)
201,19,1,301,3.95,2012-12-03 00:00:00,Cap - Fushia
202,23,1,302,9.95,2012-12-03 00:00:00,Sid Soft Toy
203,23,1,303,9.95,2012-12-04 00:00:00,Sid Soft Toy
203,15,1,304,0.95,2012-12-04 00:00:00,Sid Drinking Straw
203,16,1,305,0.95,2012-12-04 00:00:00,Lizzie Drinking Straw
204,23,1,306,9.95,2012-12-05 00:00:00,Sid Soft Toy
204,25,1,307,7.95,2012-12-05 00:00:00,Silly Party Dances CD & DVD
205,25,1,308,7.95,2012-12-05 00:00:00,Silly Party Dances CD & DVD
206,22,1,309,9.95,2012-12-06 00:00:00,Lizzie Soft Toy
207,22,1,310,9.95,2012-12-06 00:00:00,Lizzie Soft Toy
207,23,1,311,9.95,2012-12-06 00:00:00,Sid Soft Toy
208,25,1,312,7.95,2012-12-08 00:00:00,Silly Party Dances CD & DVD
209,25,1,313,7.95,2012-12-08 00:00:00,Silly Party Dances CD & DVD
209,23,1,314,9.95,2012-12-08 00:00:00,Sid Soft Toy
210,25,1,315,7.95,2012-12-09 00:00:00,Silly Party Dances CD & DVD
211,23,1,316,9.95,2012-12-20 00:00:00,Sid Soft Toy
212,23,1,317,9.95,2012-12-22 00:00:00,Sid Soft Toy
213,22,1,318,9.95,2012-12-29 00:00:00,Lizzie Soft Toy
214,23,1,319,9.95,2013-01-04 00:00:00,Sid Soft Toy
215,21,2,320,5.95,2013-01-06 00:00:00,T-shirt (Ages 7-8)
215,23,1,321,9.95,2013-01-06 00:00:00,Sid Soft Toy
215,22,1,322,9.95,2013-01-06 00:00:00,Lizzie Soft Toy
215,19,2,323,3.95,2013-01-06 00:00:00,Cap - Fushia
217,25,1,324,7.95,2013-01-12 00:00:00,Silly Party Dances CD & DVD
218,22,1,325,9.95,2013-01-16 00:00:00,Lizzie Soft Toy
219,23,1,326,9.95,2013-01-16 00:00:00,Sid Soft Toy
220,25,1,327,7.95,2013-02-01 00:00:00,Silly Party Dances CD & DVD
221,21,1,328,5.95,2013-02-06 00:00:00,T-shirt (Ages 7-8)
221,18,1,329,3.95,2013-02-06 00:00:00,Cap - Blue
222,2,1,330,9.95,2013-02-23 00:00:00,Lizzie Plush
223,1,1,331,9.95,2013-02-24 00:00:00,Sid Plush
223,2,1,332,9.95,2013-02-24 00:00:00,Lizzie Plush
224,1,1,333,9.95,2013-03-07 00:00:00,Sid Plush
224,2,1,334,9.95,2013-03-07 00:00:00,Lizzie Plush
225,2,2,335,9.95,2013-03-18 00:00:00,Lizzie Plush
225,8,2,336,0.95,2013-03-18 00:00:00,Lizzie Character Straw
225,11,1,337,3.45,2013-03-18 00:00:00,Sid and Lizzie Armbands
226,14,1,338,5.95,2013-03-18 00:00:00,Sid and Lizzie T-shirt 7-8 Year
226,3,1,339,3.95,2013-03-18 00:00:00,Sid and Lizzie Cap Fushia
226,2,1,340,9.95,2013-03-18 00:00:00,Lizzie Plush
228,2,1,341,9.95,2013-03-21 00:00:00,Lizzie Plush
228,8,1,342,0.95,2013-03-21 00:00:00,Lizzie Character Straw
229,1,2,343,9.95,2013-04-01 00:00:00,Sid Plush
230,1,1,344,9.95,2013-04-06 00:00:00,Sid Plush
230,3,1,345,3.95,2013-04-06 00:00:00,Sid and Lizzie Cap Fushia
230,2,1,346,9.95,2013-04-06 00:00:00,Lizzie Plush
231,15,1,347,6.95,2013-04-08 00:00:00,Alarm Clock
232,1,2,348,9.95,2013-04-11 00:00:00,Sid Plush
232,2,2,349,9.95,2013-04-11 00:00:00,Lizzie Plush
233,2,2,350,9.95,2013-04-12 00:00:00,Lizzie Plush
234,4,2,351,3.95,2013-04-13 00:00:00,Sid and Lizzie Cap Blue
235,2,1,352,9.95,2013-04-13 00:00:00,Lizzie Plush
236,1,1,353,9.95,2013-04-15 00:00:00,Sid Plush
236,2,1,354,9.95,2013-04-15 00:00:00,Lizzie Plush
237,1,1,355,9.95,2013-04-15 00:00:00,Sid Plush
237,2,1,356,9.95,2013-04-15 00:00:00,Lizzie Plush
238,1,1,357,9.95,2013-04-17 00:00:00,Sid Plush
238,3,1,358,3.95,2013-04-17 00:00:00,Sid and Lizzie Cap Fushia
238,4,1,359,3.95,2013-04-17 00:00:00,Sid and Lizzie Cap Blue
238,2,1,360,9.95,2013-04-17 00:00:00,Lizzie Plush
238,8,2,361,0.95,2013-04-17 00:00:00,Lizzie Character Straw
238,7,2,362,0.95,2013-04-17 00:00:00,Sid Character Straw
245,1,1,363,9.95,2013-04-19 00:00:00,Sid Plush
245,2,1,364,9.95,2013-04-19 00:00:00,Lizzie Plush
246,2,1,365,9.95,2013-04-20 00:00:00,Lizzie Plush
247,1,1,366,9.95,2013-04-26 00:00:00,Sid Plush
247,2,1,367,9.95,2013-04-26 00:00:00,Lizzie Plush
248,2,2,368,9.95,2013-05-02 00:00:00,Lizzie Plush
249,15,1,369,6.95,2013-05-02 00:00:00,Alarm Clock
251,3,1,370,3.95,2013-05-03 00:00:00,Sid and Lizzie Cap Fushia
251,10,1,371,5.95,2013-05-03 00:00:00,Sid and Lizzie T-shirt 5-6 Year
256,11,1,372,3.45,2013-05-05 00:00:00,Sid and Lizzie Armbands
256,3,1,373,3.95,2013-05-05 00:00:00,Sid and Lizzie Cap Fushia
256,8,1,374,0.95,2013-05-05 00:00:00,Lizzie Character Straw
261,2,1,375,9.95,2013-05-09 00:00:00,Lizzie Plush
262,1,2,376,9.95,2013-05-15 00:00:00,Sid Plush
262,2,2,377,9.95,2013-05-15 00:00:00,Lizzie Plush
263,15,1,378,6.95,2013-05-30 00:00:00,Alarm Clock
264,2,1,379,9.95,2013-06-01 00:00:00,Lizzie Cuddly Toy
265,2,1,380,9.95,2013-06-03 00:00:00,Lizzie Cuddly Toy
265,8,1,381,0.95,2013-06-03 00:00:00,Lizzie Character Straw
266,4,1,382,3.95,2013-06-10 00:00:00,Sid and Lizzie Cap Blue
267,10,1,383,5.95,2013-06-13 00:00:00,Sid and Lizzie T-shirt 5-6 Year
267,17,1,384,5.45,2013-06-13 00:00:00,Sid and Lizzie Silly Party Dances CD
268,2,1,385,9.95,2013-06-17 00:00:00,Lizzie Cuddly Toy
269,17,1,386,5.45,2013-06-20 00:00:00,Sid and Lizzie Silly Party Dances CD
270,17,1,387,5.45,2013-06-24 00:00:00,Sid and Lizzie Silly Party Dances CD
271,2,2,388,9.95,2013-06-25 00:00:00,Lizzie Cuddly Toy
272,10,1,389,5.95,2013-06-26 00:00:00,Sid and Lizzie T-shirt 5-6 Year
272,3,1,390,3.95,2013-06-26 00:00:00,Sid and Lizzie Cap Fushia
273,1,1,391,9.95,2013-06-26 00:00:00,Sid Cuddly Toy
273,2,1,392,9.95,2013-06-26 00:00:00,Lizzie Cuddly Toy
274,15,1,393,6.95,2013-06-28 00:00:00,Alarm Clock
275,2,1,394,9.95,2013-06-28 00:00:00,Lizzie Cuddly Toy
276,10,1,395,5.95,2013-07-02 00:00:00,Sid and Lizzie T-shirt 5-6 Year
276,7,1,396,0.95,2013-07-02 00:00:00,Sid Character Straw
276,8,1,397,0.95,2013-07-02 00:00:00,Lizzie Character Straw
277,14,1,398,5.95,2013-07-05 00:00:00,Sid and Lizzie T-shirt 7-8 Year
278,3,1,399,3.95,2013-07-15 00:00:00,Sid and Lizzie Cap Fushia
279,17,1,400,5.45,2013-07-20 00:00:00,Sid and Lizzie Silly Party Dances CD
280,3,1,401,3.95,2013-07-21 00:00:00,Sid and Lizzie Cap Fushia
281,4,1,402,3.95,2013-07-21 00:00:00,Sid and Lizzie Cap Blue
282,14,1,403,5.95,2013-07-22 00:00:00,Sid and Lizzie T-shirt 7-8 Year
283,17,1,404,5.45,2013-07-23 00:00:00,Sid and Lizzie Silly Party Dances CD
284,1,1,405,9.95,2013-07-25 00:00:00,Sid Cuddly Toy
284,10,1,406,5.95,2013-07-25 00:00:00,Sid and Lizzie T-shirt 5-6 Year
285,1,1,407,9.95,2013-07-29 00:00:00,Sid Cuddly Toy
286,17,1,408,5.45,2013-08-04 00:00:00,Sid and Lizzie Silly Party Dances CD
287,17,1,409,5.45,2013-08-05 00:00:00,Sid and Lizzie Silly Party Dances CD
288,2,1,410,9.95,2013-08-09 00:00:00,Lizzie Cuddly Toy
289,17,1,411,5.45,2013-08-09 00:00:00,Sid and Lizzie Silly Party Dances CD
290,17,1,412,5.45,2013-08-09 00:00:00,Sid and Lizzie Silly Party Dances CD
291,1,1,413,9.95,2013-08-11 00:00:00,Sid Cuddly Toy
292,7,1,414,0.95,2013-08-11 00:00:00,Sid Character Straw
292,3,1,415,3.95,2013-08-11 00:00:00,Sid and Lizzie Cap Fushia
292,8,1,416,0.95,2013-08-11 00:00:00,Lizzie Character Straw
294,1,1,417,9.95,2013-08-13 00:00:00,Sid Cuddly Toy
298,2,1,418,9.95,2013-08-15 00:00:00,Lizzie Cuddly Toy
302,17,1,419,5.45,2013-08-18 00:00:00,hacked by joeboys ayoub
303,16,1,420,2.85,2013-08-20 00:00:00,Shower Gel
303,17,1,421,5.45,2013-08-20 00:00:00,hacked by joeboys ayoub
303,4,1,422,3.95,2013-08-20 00:00:00,Sid and Lizzie Cap Blue
303,14,1,423,5.95,2013-08-20 00:00:00,Sid and Lizzie T-shirt 7-8 Year
303,7,1,424,0.95,2013-08-20 00:00:00,Sid Character Straw
304,2,1,425,9.95,2013-08-23 00:00:00,Lizzie Cuddly Toy
305,2,1,426,9.95,2013-08-24 00:00:00,Lizzie Cuddly Toy
306,17,1,427,5.45,2013-08-24 00:00:00,Sid and Lizzie Party Dances CD
307,1,1,428,9.95,2013-08-24 00:00:00,Sid Cuddly Toy
308,15,1,429,6.95,2013-08-25 00:00:00,Alarm Clock
309,2,1,430,9.95,2013-08-26 00:00:00,Lizzie Cuddly Toy
310,17,1,431,5.45,2013-08-27 00:00:00,Sid and Lizzie Party Dances CD
310,16,1,432,2.85,2013-08-27 00:00:00,Shower Gel
310,4,1,433,3.95,2013-08-27 00:00:00,Sid and Lizzie Cap Blue
311,2,1,434,9.95,2013-08-30 00:00:00,Lizzie Cuddly Toy
312,2,1,435,9.95,2013-08-30 00:00:00,Lizzie Cuddly Toy
312,17,1,436,5.45,2013-08-30 00:00:00,Sid and Lizzie Party Dances CD
313,10,1,437,5.95,2013-08-31 00:00:00,Sid and Lizzie T-shirt 5-6 Year
314,17,1,438,5.45,2013-09-03 00:00:00,Sid and Lizzie Party Dances CD
315,3,1,439,3.95,2013-09-04 00:00:00,Sid and Lizzie Cap Fushia
315,2,1,440,9.95,2013-09-04 00:00:00,Lizzie Cuddly Toy
316,1,1,441,9.95,2013-09-04 00:00:00,Sid Cuddly Toy
317,4,1,442,3.95,2013-09-05 00:00:00,Sid and Lizzie Cap Blue
318,2,1,443,9.95,2013-09-06 00:00:00,Lizzie Cuddly Toy
319,2,1,444,9.95,2013-09-06 00:00:00,Lizzie Cuddly Toy
320,2,1,445,9.95,2013-09-06 00:00:00,Lizzie Cuddly Toy
321,2,1,446,9.95,2013-09-08 00:00:00,Lizzie Cuddly Toy
321,1,1,447,9.95,2013-09-08 00:00:00,Sid Cuddly Toy
322,2,1,448,9.95,2013-09-09 00:00:00,Lizzie Cuddly Toy
322,17,1,449,5.45,2013-09-09 00:00:00,Sid and Lizzie Party Dances CD
323,2,1,450,9.95,2013-09-09 00:00:00,Lizzie Cuddly Toy
324,17,1,451,5.45,2013-09-10 00:00:00,Sid and Lizzie Party Dances CD
324,16,1,452,2.85,2013-09-10 00:00:00,Shower Gel
325,2,1,453,9.95,2013-09-11 00:00:00,Lizzie Cuddly Toy
326,2,1,454,9.95,2013-09-11 00:00:00,Lizzie Cuddly Toy
326,17,1,455,5.45,2013-09-11 00:00:00,Sid and Lizzie Party Dances CD
327,2,1,456,9.95,2013-09-12 00:00:00,Lizzie Cuddly Toy
328,17,1,457,5.45,2013-09-13 00:00:00,Sid and Lizzie Party Dances CD
328,2,1,458,9.95,2013-09-13 00:00:00,Lizzie Cuddly Toy
329,1,2,459,9.95,2013-09-15 00:00:00,Sid Cuddly Toy
330,17,1,460,5.45,2013-09-15 00:00:00,Sid and Lizzie Party Dances CD
331,15,1,461,6.95,2013-09-17 00:00:00,Alarm Clock
331,2,1,462,9.95,2013-09-17 00:00:00,Lizzie Cuddly Toy
332,1,1,463,9.95,2013-09-20 00:00:00,Sid Cuddly Toy
332,2,1,464,9.95,2013-09-20 00:00:00,Lizzie Cuddly Toy
333,2,1,465,9.95,2013-09-24 00:00:00,Lizzie Cuddly Toy
334,2,1,466,9.95,2013-09-24 00:00:00,Lizzie Cuddly Toy
334,17,1,467,5.45,2013-09-24 00:00:00,Sid and Lizzie Party Dances CD
339,2,1,468,9.95,2013-09-26 00:00:00,Lizzie Cuddly Toy
340,1,1,469,9.95,2013-09-28 00:00:00,Sid Cuddly Toy
340,2,1,470,9.95,2013-09-28 00:00:00,Lizzie Cuddly Toy
341,2,1,471,9.95,2013-09-29 00:00:00,Lizzie Cuddly Toy
342,4,1,472,3.95,2013-10-06 00:00:00,Sid and Lizzie Cap Blue
342,6,1,473,4.95,2013-10-06 00:00:00,Sid Wallet
343,7,1,474,0.95,2013-10-08 00:00:00,Sid Character Straw
344,7,1,475,0.95,2013-10-08 00:00:00,Sid Character Straw
345,7,1,476,0.95,2013-10-08 00:00:00,Sid Character Straw
346,11,1,477,3.45,2013-10-08 00:00:00,Sid and Lizzie Armbands
347,11,1,478,3.45,2013-10-08 00:00:00,Sid and Lizzie Armbands
348,6,1,479,4.95,2013-10-08 00:00:00,Sid Wallet
349,6,1,480,4.95,2013-10-08 00:00:00,Sid Wallet
350,6,1,481,4.95,2013-10-08 00:00:00,Sid Wallet
351,7,1,482,0.95,2013-10-08 00:00:00,Sid Character Straw
352,7,1,483,0.95,2013-10-08 00:00:00,Sid Character Straw
353,7,1,484,0.95,2013-10-08 00:00:00,Sid Character Straw
354,8,1,485,0.95,2013-10-08 00:00:00,Lizzie Character Straw
354,2,1,486,9.95,2013-10-08 00:00:00,Lizzie Cuddly Toy
355,10,1,487,5.95,2013-10-10 00:00:00,Sid and Lizzie T-shirt 5-6 Year
355,14,1,488,5.95,2013-10-10 00:00:00,Sid and Lizzie T-shirt 7-8 Year
355,17,1,489,5.45,2013-10-10 00:00:00,Sid and Lizzie Party Dances CD
360,1,1,490,9.95,2013-10-13 00:00:00,Sid Cuddly Toy
361,1,1,491,9.95,2013-10-14 00:00:00,Sid Cuddly Toy
361,2,1,492,9.95,2013-10-14 00:00:00,Lizzie Cuddly Toy
362,1,1,493,9.95,2013-10-17 00:00:00,Sid Cuddly Toy
362,2,4,494,9.95,2013-10-17 00:00:00,Lizzie Cuddly Toy
363,3,1,495,3.95,2013-10-19 00:00:00,Sid and Lizzie Cap Fushia
364,1,1,496,9.95,2013-10-22 00:00:00,Sid Cuddly Toy
371,1,1,497,9.95,2013-10-23 00:00:00,Sid Cuddly Toy
371,17,1,498,5.45,2013-10-23 00:00:00,Sid and Lizzie Party Dances CD
372,15,1,499,6.95,2013-10-24 00:00:00,Alarm Clock
373,15,1,500,6.95,2013-10-26 00:00:00,Alarm Clock
374,17,1,501,5.45,2013-10-26 00:00:00,Sid and Lizzie Party Dances CD
375,17,1,502,5.45,2013-10-26 00:00:00,Sid and Lizzie Party Dances CD
376,17,1,503,5.45,2013-10-28 00:00:00,Sid and Lizzie Party Dances CD
376,3,1,504,3.95,2013-10-28 00:00:00,Sid and Lizzie Cap Fushia
376,4,1,505,3.95,2013-10-28 00:00:00,Sid and Lizzie Cap Blue
378,1,1,506,9.95,2013-10-29 00:00:00,Sid Cuddly Toy
379,17,1,507,5.45,2013-10-29 00:00:00,Sid and Lizzie Party Dances CD
380,17,1,508,5.45,2013-10-29 00:00:00,Sid and Lizzie Party Dances CD
380,5,1,509,3.95,2013-10-29 00:00:00,Lizzie Coin Purse
380,3,1,510,3.95,2013-10-29 00:00:00,Sid and Lizzie Cap Fushia
381,17,1,511,5.45,2013-10-30 00:00:00,Sid and Lizzie Party Dances CD
382,2,1,512,9.95,2013-11-02 00:00:00,Lizzie Cuddly Toy
383,17,1,513,5.45,2013-11-03 00:00:00,Sid and Lizzie Party Dances CD
383,16,1,514,2.85,2013-11-03 00:00:00,Shower Gel
384,1,1,515,9.95,2013-11-04 00:00:00,Sid Cuddly Toy
384,6,1,516,4.95,2013-11-04 00:00:00,Sid Wallet
385,2,1,517,9.95,2013-11-04 00:00:00,Lizzie Cuddly Toy
386,1,1,518,9.95,2013-11-08 00:00:00,Sid Cuddly Toy
386,17,1,519,5.45,2013-11-08 00:00:00,Sid and Lizzie Party Dances CD
387,6,1,520,4.95,2013-11-14 00:00:00,Sid Wallet
387,17,2,521,5.45,2013-11-14 00:00:00,Sid and Lizzie Party Dances CD
387,3,1,522,3.95,2013-11-14 00:00:00,Sid and Lizzie Cap Fushia
387,4,1,523,3.95,2013-11-14 00:00:00,Sid and Lizzie Cap Blue
387,5,1,524,3.95,2013-11-14 00:00:00,Lizzie Coin Purse
387,7,1,525,0.95,2013-11-14 00:00:00,Sid Character Straw
387,8,1,526,0.95,2013-11-14 00:00:00,Lizzie Character Straw
388,1,1,527,9.95,2013-11-15 00:00:00,Sid Cuddly Toy
388,11,1,528,3.45,2013-11-15 00:00:00,Sid and Lizzie Armbands
389,15,1,529,6.95,2013-11-16 00:00:00,Alarm Clock
389,16,1,530,2.85,2013-11-16 00:00:00,Shower Gel
390,2,1,531,9.95,2013-11-19 00:00:00,Lizzie Cuddly Toy
391,8,2,532,0.95,2013-11-22 00:00:00,Lizzie Character Straw
391,7,2,533,0.95,2013-11-22 00:00:00,Sid Character Straw
391,16,2,534,2.85,2013-11-22 00:00:00,Shower Gel
391,5,1,535,3.95,2013-11-22 00:00:00,Lizzie Coin Purse
391,6,1,536,4.95,2013-11-22 00:00:00,Sid Wallet
392,17,1,537,5.45,2013-11-22 00:00:00,Sid and Lizzie Party Dances CD
393,1,1,538,9.95,2013-11-23 00:00:00,Sid Cuddly Toy
394,17,1,539,5.45,2013-11-25 00:00:00,Sid and Lizzie Party Dances CD
395,2,2,540,9.95,2013-11-25 00:00:00,Lizzie Cuddly Toy
396,2,1,541,9.95,2013-11-25 00:00:00,Lizzie Cuddly Toy
396,1,1,542,9.95,2013-11-25 00:00:00,Sid Cuddly Toy
397,6,1,543,4.95,2013-11-25 00:00:00,Sid Wallet
398,2,1,544,9.95,2013-11-27 00:00:00,Lizzie Cuddly Toy
400,16,1,545,2.85,2013-11-28 00:00:00,Shower Gel
400,15,1,546,6.95,2013-11-28 00:00:00,Alarm Clock
401,5,1,547,3.95,2013-11-28 00:00:00,Lizzie Coin Purse
401,1,1,548,9.95,2013-11-28 00:00:00,Sid Cuddly Toy
403,17,1,549,5.45,2013-11-29 00:00:00,Sid and Lizzie Party Dances CD
405,17,1,550,5.45,2013-11-30 00:00:00,Sid and Lizzie Party Dances CD
405,8,1,551,0.95,2013-11-30 00:00:00,Lizzie Character Straw
405,7,1,552,0.95,2013-11-30 00:00:00,Sid Character Straw
406,2,1,553,9.95,2013-12-02 00:00:00,Lizzie Cuddly Toy
406,15,1,554,6.95,2013-12-02 00:00:00,Alarm Clock
407,8,1,555,0.95,2013-12-03 00:00:00,Lizzie Character Straw
407,7,1,556,0.95,2013-12-03 00:00:00,Sid Character Straw
407,17,1,557,5.45,2013-12-03 00:00:00,Sid and Lizzie Party Dances CD
408,17,1,558,5.45,2013-12-04 00:00:00,Sid and Lizzie Party Dances CD
409,17,1,559,5.45,2013-12-11 00:00:00,Sid and Lizzie Party Dances CD
410,17,1,560,5.45,2013-12-13 00:00:00,Sid and Lizzie Party Dances CD
410,11,2,561,3.45,2013-12-13 00:00:00,Sid and Lizzie Armbands
411,1,1,562,9.95,2013-12-16 00:00:00,Sid Cuddly Toy
412,17,1,563,5.45,2013-12-17 00:00:00,Sid and Lizzie Party Dances CD
413,3,2,564,3.95,2013-12-18 00:00:00,Sid and Lizzie Cap Fushia
413,4,1,565,3.95,2013-12-18 00:00:00,Sid and Lizzie Cap Blue
413,17,1,566,5.45,2013-12-18 00:00:00,Sid and Lizzie Party Dances CD
414,19,1,567,5.95,2013-12-19 00:00:00,Sid and Lizzie T-shirt 5-6 Years
415,1,1,568,9.95,2013-12-21 00:00:00,Sid Cuddly Toy
417,17,1,569,5.45,2014-03-06 00:00:00,Sid and Lizzie Party Dances CD
418,1,1,570,9.95,2014-03-24 00:00:00,Sid Cuddly Toy
419,3,1,571,3.95,2014-03-25 00:00:00,Sid and Lizzie Cap Fushia
420,17,1,572,5.45,2014-03-30 00:00:00,Sid and Lizzie Party Dances CD
420,4,1,573,3.95,2014-03-30 00:00:00,Sid and Lizzie Cap Blue
420,22,1,574,8.95,2014-03-30 00:00:00,Sid and Lizzie Trolley Bag
420,16,1,575,1.95,2014-03-30 00:00:00,Shower Gel
421,2,1,576,9.95,2014-03-31 00:00:00,Lizzie Cuddly Toy
422,17,1,577,5.45,2014-03-31 00:00:00,Sid and Lizzie Party Dances CD
423,17,1,578,5.45,2014-03-31 00:00:00,Sid and Lizzie Party Dances CD
428,1,1,579,9.95,2014-04-04 00:00:00,Sid Cuddly Toy
430,17,1,580,5.45,2014-04-06 00:00:00,Sid and Lizzie Party Dances CD
431,19,1,581,5.95,2014-04-10 00:00:00,Sid and Lizzie T-shirt 5-6 Years
431,9,1,582,4.75,2014-04-10 00:00:00,Sid and Lizzie photoframe
432,17,1,583,5.45,2014-04-11 00:00:00,Sid and Lizzie Party Dances CD
433,2,1,584,9.95,2014-04-12 00:00:00,Lizzie Cuddly Toy
434,17,1,585,5.45,2014-04-13 00:00:00,Sid and Lizzie Party Dances CD
434,11,1,586,3.45,2014-04-13 00:00:00,Sid and Lizzie Armbands
437,17,1,587,5.45,2014-04-15 00:00:00,Sid and Lizzie Party Dances CD
442,23,1,588,2.50,2014-04-20 00:00:00,Sid Sunglasses
442,22,1,589,8.95,2014-04-20 00:00:00,Sid and Lizzie Trolley Bag
442,21,1,590,4.50,2014-04-20 00:00:00,Sid and Lizzie Projector Watch
444,1,1,591,9.95,2014-04-25 00:00:00,Sid Cuddly Toy
444,2,1,592,9.95,2014-04-25 00:00:00,Lizzie Cuddly Toy
447,1,1,593,9.95,2014-04-26 00:00:00,Sid Cuddly Toy
447,2,1,594,9.95,2014-04-26 00:00:00,Lizzie Cuddly Toy
448,1,1,595,9.95,2014-04-26 00:00:00,Sid Cuddly Toy
450,14,1,596,5.95,2014-05-11 00:00:00,Sid and Lizzie T-shirt 7-8 Year
451,2,1,597,9.95,2014-05-12 00:00:00,Lizzie Cuddly Toy
451,1,1,598,9.95,2014-05-12 00:00:00,Sid Cuddly Toy
452,2,1,599,9.95,2014-05-16 00:00:00,Lizzie Cuddly Toy
453,8,2,600,0.95,2014-05-18 00:00:00,Lizzie Character Straw
453,7,2,601,0.95,2014-05-18 00:00:00,Sid Character Straw
454,15,1,602,6.95,2014-05-21 00:00:00,Alarm Clock
455,17,1,603,5.45,2014-05-24 00:00:00,Sid and Lizzie Party Dances CD
456,2,1,604,9.95,2014-05-26 00:00:00,Lizzie Cuddly Toy
457,2,1,605,9.95,2014-05-26 00:00:00,Lizzie Cuddly Toy
458,1,1,606,9.95,2014-05-28 00:00:00,Sid Cuddly Toy
458,2,1,607,9.95,2014-05-28 00:00:00,Lizzie Cuddly Toy
459,2,1,608,9.95,2014-05-30 00:00:00,Lizzie Cuddly Toy
460,2,1,609,9.95,2014-06-01 00:00:00,Lizzie Cuddly Toy
461,2,1,610,9.95,2014-06-02 00:00:00,Lizzie Cuddly Toy
461,23,1,611,2.50,2014-06-02 00:00:00,Sid Sunglasses
463,17,1,612,5.45,2014-06-03 00:00:00,Sid and Lizzie Party Dances CD
464,6,1,613,4.95,2014-06-04 00:00:00,Sid Wallet
464,21,1,614,4.50,2014-06-04 00:00:00,Sid and Lizzie Projector Watch
464,16,1,615,1.95,2014-06-04 00:00:00,Shower Gel
465,17,1,616,5.45,2014-06-07 00:00:00,Sid and Lizzie Party Dances CD
466,2,1,617,9.95,2014-06-10 00:00:00,Lizzie Cuddly Toy
467,1,1,618,9.95,2014-06-11 00:00:00,Sid Cuddly Toy
467,22,1,619,8.95,2014-06-11 00:00:00,Sid and Lizzie Trolley Bag
467,3,1,620,3.95,2014-06-11 00:00:00,Sid and Lizzie Cap Fushia
467,5,1,621,3.95,2014-06-11 00:00:00,Lizzie Pencil Case
467,25,1,622,2.95,2014-06-11 00:00:00,Lizzie Purse
467,7,1,623,0.95,2014-06-11 00:00:00,Sid Character Straw
467,8,1,624,0.95,2014-06-11 00:00:00,Lizzie Character Straw
468,1,1,625,9.95,2014-06-18 00:00:00,Sid Cuddly Toy
468,22,1,626,8.95,2014-06-18 00:00:00,Sid and Lizzie Trolley Bag
469,17,1,627,5.45,2014-06-19 00:00:00,Sid and Lizzie Party Dances CD
470,22,1,628,8.95,2014-06-19 00:00:00,Sid and Lizzie Trolley Bag
470,25,1,629,2.95,2014-06-19 00:00:00,Lizzie Purse
470,5,1,630,3.95,2014-06-19 00:00:00,Lizzie Pencil Case
471,1,1,631,9.95,2014-06-23 00:00:00,Sid Cuddly Toy
472,17,1,632,5.45,2014-06-25 00:00:00,Sid and Lizzie Party Dances CD
473,17,1,633,5.45,2014-06-26 00:00:00,Sid and Lizzie Party Dances CD
474,4,1,634,3.95,2014-06-28 00:00:00,Sid and Lizzie Cap Blue
474,23,1,635,2.50,2014-06-28 00:00:00,Sid Sunglasses
475,2,1,636,9.95,2014-07-02 00:00:00,Lizzie Cuddly Toy
476,7,1,637,0.95,2014-07-02 00:00:00,Sid Character Straw
476,23,1,638,2.50,2014-07-02 00:00:00,Sid Sunglasses
476,1,1,639,9.95,2014-07-02 00:00:00,Sid Cuddly Toy
477,17,1,640,5.45,2014-07-06 00:00:00,Sid and Lizzie Party Dances CD
477,9,1,641,4.75,2014-07-06 00:00:00,Sid and Lizzie photoframe
478,17,1,642,5.45,2014-07-07 00:00:00,Sid and Lizzie Party Dances CD
479,17,1,643,5.45,2014-07-09 00:00:00,Sid and Lizzie Party Dances CD
480,11,1,644,3.45,2014-07-10 00:00:00,Sid and Lizzie Armbands
481,17,1,645,5.45,2014-07-13 00:00:00,Sid and Lizzie Party Dances CD
482,17,1,646,5.45,2014-07-14 00:00:00,Sid and Lizzie Party Dances CD
483,1,1,647,9.95,2014-07-17 00:00:00,Sid Cuddly Toy
483,2,2,648,9.95,2014-07-17 00:00:00,Lizzie Cuddly Toy
484,17,1,649,5.45,2014-07-17 00:00:00,Sid and Lizzie Party Dances CD
485,23,1,650,2.50,2014-07-19 00:00:00,Sid Sunglasses
486,21,1,651,4.50,2014-07-25 00:00:00,Sid and Lizzie Projector Watch
487,2,1,652,9.95,2014-07-25 00:00:00,Lizzie Cuddly Toy
488,1,1,653,9.95,2014-07-28 00:00:00,Sid Cuddly Toy
489,7,1,654,0.95,2014-08-04 00:00:00,Sid Character Straw
489,1,1,655,9.95,2014-08-04 00:00:00,Sid Cuddly Toy
490,3,1,656,3.95,2014-08-07 00:00:00,Sid and Lizzie Cap Fushia
490,17,1,657,5.45,2014-08-07 00:00:00,Sid and Lizzie Party Dances CD
491,17,1,658,5.45,2014-08-10 00:00:00,Sid and Lizzie Party Dances CD
492,4,1,659,3.95,2014-08-10 00:00:00,Sid and Lizzie Cap Blue
492,19,1,660,5.95,2014-08-10 00:00:00,Sid and Lizzie T-shirt 5-6 Years
493,2,1,661,9.95,2014-08-16 00:00:00,Lizzie Cuddly Toy
493,7,1,662,0.95,2014-08-16 00:00:00,Sid Character Straw
493,8,1,663,0.95,2014-08-16 00:00:00,Lizzie Character Straw
494,2,1,664,9.95,2014-08-16 00:00:00,Lizzie Cuddly Toy
496,1,1,665,9.95,2014-08-22 00:00:00,Sid Cuddly Toy
498,1,1,666,9.95,2014-08-26 00:00:00,Sid Cuddly Toy
498,2,1,667,9.95,2014-08-26 00:00:00,Lizzie Cuddly Toy
499,21,1,668,4.50,2014-08-28 00:00:00,Sid and Lizzie Projector Watch
500,17,1,669,5.45,2014-08-30 00:00:00,Sid and Lizzie Party Dances CD
501,17,1,670,5.45,2014-08-30 00:00:00,Sid and Lizzie Party Dances CD
502,2,1,671,9.95,2014-09-02 00:00:00,Lizzie Cuddly Toy
503,17,1,672,5.45,2014-09-03 00:00:00,Sid and Lizzie Party Dances CD
505,2,1,673,9.95,2014-09-06 00:00:00,Lizzie Cuddly Toy
506,17,1,674,5.45,2014-09-06 00:00:00,Sid and Lizzie Party Dances CD
507,17,1,675,5.45,2014-09-06 00:00:00,Sid and Lizzie Party Dances CD
508,25,1,676,2.95,2014-09-08 00:00:00,Lizzie Purse
508,2,1,677,9.95,2014-09-08 00:00:00,Lizzie Cuddly Toy
509,7,1,678,0.95,2014-09-16 00:00:00,Sid Character Straw
509,19,1,679,5.95,2014-09-16 00:00:00,Sid and Lizzie T-shirt 5-6 Years
509,11,1,680,3.45,2014-09-16 00:00:00,Sid and Lizzie Armbands
509,8,1,681,0.95,2014-09-16 00:00:00,Lizzie Character Straw
509,17,1,682,5.45,2014-09-16 00:00:00,Sid and Lizzie Party Dances CD
510,7,1,683,0.95,2014-09-16 00:00:00,Sid Character Straw
510,19,1,684,5.95,2014-09-16 00:00:00,Sid and Lizzie T-shirt 5-6 Years
510,11,1,685,3.45,2014-09-16 00:00:00,Sid and Lizzie Armbands
510,8,1,686,0.95,2014-09-16 00:00:00,Lizzie Character Straw
510,17,1,687,5.45,2014-09-16 00:00:00,Sid and Lizzie Party Dances CD
511,2,1,688,9.95,2014-09-20 00:00:00,Lizzie Cuddly Toy
512,2,1,689,9.95,2014-09-21 00:00:00,Lizzie Cuddly Toy
512,1,1,690,9.95,2014-09-21 00:00:00,Sid Cuddly Toy
513,2,1,691,9.95,2014-09-22 00:00:00,Lizzie Cuddly Toy
515,17,1,692,5.45,2014-09-30 00:00:00,Sid and Lizzie Party Dances CD
516,1,1,693,9.95,2014-10-01 00:00:00,Sid Cuddly Toy
516,2,1,694,9.95,2014-10-01 00:00:00,Lizzie Cuddly Toy
516,17,1,695,5.45,2014-10-01 00:00:00,Sid and Lizzie Party Dances CD
516,7,1,696,0.95,2014-10-01 00:00:00,Sid Character Straw
517,1,1,697,9.95,2014-10-03 00:00:00,Sid Cuddly Toy
518,25,1,698,2.95,2014-10-06 00:00:00,Lizzie Purse
518,7,1,699,0.95,2014-10-06 00:00:00,Sid Character Straw
518,16,1,700,1.95,2014-10-06 00:00:00,Shower Gel
518,9,1,701,4.75,2014-10-06 00:00:00,Sid and Lizzie photoframe
518,24,1,702,2.50,2014-10-06 00:00:00,Lizzie Sunglasses
518,17,1,703,5.45,2014-10-06 00:00:00,Sid and Lizzie Party Dances CD
519,1,1,704,9.95,2014-10-06 00:00:00,Sid Cuddly Toy
519,2,1,705,9.95,2014-10-06 00:00:00,Lizzie Cuddly Toy
520,22,1,706,8.95,2014-10-07 00:00:00,Sid and Lizzie Trolley Bag
521,22,1,707,8.95,2014-10-08 00:00:00,Sid and Lizzie Trolley Bag
521,21,1,708,4.50,2014-10-08 00:00:00,Sid and Lizzie Projector Watch
521,15,1,709,6.95,2014-10-08 00:00:00,Alarm Clock
521,25,1,710,2.95,2014-10-08 00:00:00,Lizzie Purse
521,7,1,711,0.95,2014-10-08 00:00:00,Sid Character Straw
521,24,1,712,2.50,2014-10-08 00:00:00,Lizzie Sunglasses
522,17,1,713,5.45,2014-10-20 00:00:00,Sid and Lizzie Party Dances CD
522,11,1,714,3.45,2014-10-20 00:00:00,Sid and Lizzie Armbands
523,17,1,715,5.45,2014-11-01 00:00:00,Sid and Lizzie Party Dances CD
523,3,1,716,3.95,2014-11-01 00:00:00,Sid and Lizzie Cap Fushia
523,2,1,717,9.95,2014-11-01 00:00:00,Lizzie Cuddly Toy
524,2,1,718,9.95,2014-11-03 00:00:00,Lizzie Cuddly Toy
524,1,1,719,9.95,2014-11-03 00:00:00,Sid Cuddly Toy
525,17,1,720,5.45,2014-11-04 00:00:00,Sid and Lizzie Party Dances CD
526,17,1,721,5.45,2014-11-04 00:00:00,Sid and Lizzie Party Dances CD
527,2,1,722,9.95,2014-11-04 00:00:00,Lizzie Cuddly Toy
527,7,4,723,0.95,2014-11-04 00:00:00,Sid Character Straw
527,4,3,724,3.95,2014-11-04 00:00:00,Sid and Lizzie Cap Blue
529,17,1,725,5.45,2014-11-05 00:00:00,Sid and Lizzie Party Dances CD
529,16,1,726,1.95,2014-11-05 00:00:00,Shower Gel
530,1,1,727,9.95,2014-11-06 00:00:00,Sid Cuddly Toy
531,2,1,728,9.95,2014-11-07 00:00:00,Lizzie Cuddly Toy
533,1,1,729,9.95,2014-11-11 00:00:00,Sid Cuddly Toy
533,2,1,730,9.95,2014-11-11 00:00:00,Lizzie Cuddly Toy
534,1,1,731,9.95,2014-11-12 00:00:00,Sid Cuddly Toy
535,1,1,732,9.95,2014-11-13 00:00:00,Sid Cuddly Toy
535,2,1,733,9.95,2014-11-13 00:00:00,Lizzie Cuddly Toy
536,25,1,734,2.95,2014-11-18 00:00:00,Lizzie Purse
536,5,1,735,3.95,2014-11-18 00:00:00,Lizzie Pencil Case
537,5,1,736,3.95,2014-11-19 00:00:00,Lizzie Pencil Case
537,6,1,737,4.95,2014-11-19 00:00:00,Sid Wallet
538,9,1,738,4.75,2014-11-20 00:00:00,Sid and Lizzie photoframe
538,17,1,739,5.45,2014-11-20 00:00:00,Sid and Lizzie Party Dances CD
539,2,1,740,9.95,2014-11-22 00:00:00,Lizzie Cuddly Toy
541,1,1,741,9.95,2014-11-28 00:00:00,Sid Cuddly Toy
542,1,1,742,9.95,2014-11-29 00:00:00,Sid Cuddly Toy
543,1,1,743,9.95,2014-11-29 00:00:00,Sid Cuddly Toy
544,1,1,744,9.95,2014-12-01 00:00:00,Sid Cuddly Toy
545,17,1,745,5.45,2014-12-03 00:00:00,Sid and Lizzie Party Dances CD
546,2,1,746,9.95,2014-12-07 00:00:00,Lizzie Cuddly Toy
546,1,1,747,9.95,2014-12-07 00:00:00,Sid Cuddly Toy
547,17,1,748,5.45,2014-12-09 00:00:00,Sid and Lizzie Party Dances CD
551,2,1,749,9.95,2014-12-24 00:00:00,Lizzie Cuddly Toy
552,1,1,750,9.95,2015-01-03 00:00:00,Sid Cuddly Toy
554,2,1,751,9.95,2015-01-05 00:00:00,Lizzie Cuddly Toy
555,2,1,752,9.95,2015-01-05 00:00:00,Lizzie Cuddly Toy
559,17,1,753,5.45,2015-01-06 00:00:00,Sid and Lizzie Party Dances CD
560,21,1,754,4.50,2015-01-09 00:00:00,Sid and Lizzie Projector Watch
561,17,1,755,5.45,2015-02-06 00:00:00,Sid and Lizzie Party Dances CD
563,2,1,756,9.95,2015-02-18 00:00:00,Lizzie Cuddly Toy
564,3,1,757,3.95,2015-02-19 00:00:00,Sid and Lizzie Cap Fushia
564,4,1,758,3.95,2015-02-19 00:00:00,Sid and Lizzie Cap Blue
565,2,1,759,9.95,2015-02-20 00:00:00,Lizzie Cuddly Toy
566,5,1,760,3.95,2015-02-22 00:00:00,Lizzie Pencil Case
567,17,1,761,5.45,2015-02-26 00:00:00,Sid and Lizzie Party Dances CD
568,23,1,762,2.50,2015-02-27 00:00:00,Sid Sunglasses
568,17,1,763,5.45,2015-02-27 00:00:00,Sid and Lizzie Party Dances CD
568,22,1,764,8.95,2015-02-27 00:00:00,Sid and Lizzie Trolley Bag
568,15,1,765,6.95,2015-02-27 00:00:00,Alarm Clock
569,6,1,766,4.95,2015-02-28 00:00:00,Sid Wallet
569,25,1,767,2.95,2015-02-28 00:00:00,Lizzie Purse
570,14,1,768,5.95,2015-03-05 00:00:00,Sid and Lizzie T-shirt 7-8 Year
571,22,1,769,8.95,2015-03-26 00:00:00,Sid and Lizzie Trolley Bag
572,19,1,770,5.95,2015-03-27 00:00:00,Sid and Lizzie T-shirt 5-6 Years
572,3,1,771,3.95,2015-03-27 00:00:00,Sid and Lizzie Cap Fushia
572,24,1,772,2.50,2015-03-27 00:00:00,Lizzie Sunglasses
572,25,1,773,2.95,2015-03-27 00:00:00,Lizzie Purse
574,1,1,774,9.95,2015-03-29 00:00:00,Sid Cuddly Toy
575,1,1,775,9.95,2015-03-31 00:00:00,Sid Cuddly Toy
576,17,1,776,5.45,2015-04-01 00:00:00,Sid and Lizzie Party Dances CD
577,14,2,777,5.95,2015-04-03 00:00:00,Sid and Lizzie T-shirt 7-8 Year
577,3,1,778,3.95,2015-04-03 00:00:00,Sid and Lizzie Cap Fushia
578,2,1,779,9.95,2015-04-07 00:00:00,Lizzie Cuddly Toy
578,1,1,780,9.95,2015-04-07 00:00:00,Sid Cuddly Toy
579,2,1,781,9.95,2015-04-07 00:00:00,Lizzie Cuddly Toy
580,17,1,782,5.45,2015-04-11 00:00:00,Sid and Lizzie Party Dances CD
580,22,1,783,8.95,2015-04-11 00:00:00,Sid and Lizzie Trolley Bag
580,19,1,784,5.95,2015-04-11 00:00:00,Sid and Lizzie T-shirt 5-6 Years
581,4,1,785,3.95,2015-04-14 00:00:00,Sid and Lizzie Cap Blue
581,23,1,786,2.50,2015-04-14 00:00:00,Sid Sunglasses
581,17,1,787,5.45,2015-04-14 00:00:00,Sid and Lizzie Party Dances CD
582,2,1,788,9.95,2015-04-20 00:00:00,Lizzie Cuddly Toy
583,1,2,789,9.95,2015-04-21 00:00:00,Sid Cuddly Toy
583,19,1,790,5.95,2015-04-21 00:00:00,Sid and Lizzie T-shirt 5-6 Years
583,14,1,791,5.95,2015-04-21 00:00:00,Sid and Lizzie T-shirt 7-8 Year
585,15,1,792,6.95,2015-04-26 00:00:00,Alarm Clock
586,2,1,793,9.95,2015-05-04 00:00:00,Lizzie Cuddly Toy
589,1,1,794,9.95,2015-05-09 00:00:00,Sid Cuddly Toy
589,2,1,795,9.95,2015-05-09 00:00:00,Lizzie Cuddly Toy
590,1,2,796,9.95,2015-05-24 00:00:00,Sid Cuddly Toy
591,17,1,797,5.45,2015-05-25 00:00:00,Sid and Lizzie Party Dances CD
591,9,1,798,4.75,2015-05-25 00:00:00,Sid and Lizzie photoframe
594,1,1,799,9.95,2015-06-01 00:00:00,Sid Cuddly Toy
595,1,1,800,9.95,2015-06-02 00:00:00,Sid Cuddly Toy
596,2,1,801,9.95,2015-06-06 00:00:00,Lizzie Cuddly Toy
597,2,1,802,9.95,2015-06-10 00:00:00,Lizzie Cuddly Toy
598,1,1,803,9.95,2015-06-15 00:00:00,Sid Cuddly Toy
599,17,1,804,5.45,2015-07-01 00:00:00,Sid and Lizzie Party Dances CD
599,4,1,805,3.95,2015-07-01 00:00:00,Sid and Lizzie Cap Blue
599,6,1,806,4.95,2015-07-01 00:00:00,Sid Wallet
600,17,1,807,5.45,2015-07-05 00:00:00,Sid and Lizzie Party Dances CD
602,17,2,808,5.45,2015-07-07 00:00:00,Sid and Lizzie Party Dances CD
603,22,1,809,8.95,2015-07-07 00:00:00,Sid and Lizzie Trolley Bag
603,23,1,810,2.50,2015-07-07 00:00:00,Sid Sunglasses
603,21,1,811,4.50,2015-07-07 00:00:00,Sid and Lizzie Projector Watch
604,4,1,812,3.95,2015-07-09 00:00:00,Sid and Lizzie Cap Blue
605,17,1,813,5.45,2015-07-10 00:00:00,Sid and Lizzie Party Dances CD
607,22,1,814,8.95,2015-07-16 00:00:00,Sid and Lizzie Trolley Bag
608,2,1,815,9.95,2015-07-16 00:00:00,Lizzie Cuddly Toy
609,7,1,816,0.95,2015-07-17 00:00:00,Sid Character Straw
609,1,1,817,9.95,2015-07-17 00:00:00,Sid Cuddly Toy
609,21,1,818,4.50,2015-07-17 00:00:00,Sid and Lizzie Projector Watch
610,2,1,819,9.95,2015-07-18 00:00:00,Lizzie Cuddly Toy
611,17,1,820,5.45,2015-07-20 00:00:00,Sid and Lizzie Party Dance CD
613,5,1,821,3.95,2015-07-20 00:00:00,Lizzie Pencil Case
614,3,1,822,3.95,2015-07-24 00:00:00,Sid and Lizzie Cap Fushia
614,17,1,823,5.45,2015-07-24 00:00:00,Sid and Lizzie Party Dance CD
614,24,1,824,2.50,2015-07-24 00:00:00,Lizzie Sunglasses
614,25,1,825,2.95,2015-07-24 00:00:00,Lizzie Purse
615,17,1,826,5.45,2015-07-24 00:00:00,Sid and Lizzie Party Dance CD
616,17,1,827,5.45,2015-07-24 00:00:00,Sid and Lizzie Party Dance CD
617,1,1,828,9.95,2015-07-25 00:00:00,Sid Cuddly Toy
618,23,1,829,2.50,2015-07-25 00:00:00,Sid Sunglasses
619,22,1,830,8.95,2015-07-27 00:00:00,Sid and Lizzie Trolley Bag
621,6,1,831,4.95,2015-07-28 00:00:00,Sid Wallet
623,1,2,832,9.95,2015-08-01 00:00:00,Sid Cuddly Toy
624,17,1,833,5.45,2015-08-01 00:00:00,Sid and Lizzie Party Dance CD
625,6,1,834,4.95,2015-08-07 00:00:00,Sid Wallet
625,25,1,835,2.95,2015-08-07 00:00:00,Lizzie Purse
628,22,1,836,8.95,2015-08-12 00:00:00,Sid and Lizzie Trolley Bag
629,2,1,837,9.95,2015-08-14 00:00:00,Lizzie Cuddly Toy
631,17,1,838,5.45,2015-08-15 00:00:00,Sid and Lizzie Party Dance CD
633,17,1,839,5.45,2015-08-16 00:00:00,Sid and Lizzie Party Dance CD
634,1,1,840,9.95,2015-08-19 00:00:00,Sid Cuddly Toy
635,19,1,841,5.95,2015-08-19 00:00:00,Sid and Lizzie T-shirt 5-6 Years
635,1,1,842,9.95,2015-08-19 00:00:00,Sid Cuddly Toy
636,22,1,843,8.95,2015-08-19 00:00:00,Sid and Lizzie Trolley Bag
637,2,1,844,9.95,2015-08-21 00:00:00,Lizzie Cuddly Toy
639,2,1,845,9.95,2015-08-25 00:00:00,Lizzie Cuddly Toy
640,17,1,846,5.45,2015-08-26 00:00:00,Sid and Lizzie Party Dance CD
641,2,2,847,9.95,2015-08-27 00:00:00,Lizzie Cuddly Toy
641,9,1,848,4.75,2015-08-27 00:00:00,Sid and Lizzie photoframe
642,17,2,849,5.45,2015-08-29 00:00:00,Sid and Lizzie Party Dance CD
643,2,1,850,9.95,2015-09-05 00:00:00,Lizzie Cuddly Toy
643,1,1,851,9.95,2015-09-05 00:00:00,Sid Cuddly Toy
643,23,1,852,2.50,2015-09-05 00:00:00,Sid Sunglasses
644,14,1,853,5.95,2015-09-05 00:00:00,Sid and Lizzie T-shirt 7-8 Year
645,17,1,854,5.45,2015-09-14 00:00:00,Sid and Lizzie Party Dance CD
645,9,1,855,4.75,2015-09-14 00:00:00,Sid and Lizzie photoframe
645,7,1,856,0.95,2015-09-14 00:00:00,Sid Character Straw
645,2,1,857,9.95,2015-09-14 00:00:00,Lizzie Cuddly Toy
647,1,1,858,9.95,2015-09-22 00:00:00,Sid Cuddly Toy
647,4,1,859,3.95,2015-09-22 00:00:00,Sid and Lizzie Cap Blue
652,1,1,860,9.95,2015-09-30 00:00:00,Sid Cuddly Toy
653,17,2,861,5.45,2015-10-12 00:00:00,Sid and Lizzie Party Dance CD
654,1,1,862,9.95,2015-10-19 00:00:00,Sid Cuddly Toy
654,17,1,863,5.45,2015-10-19 00:00:00,Sid and Lizzie Party Dance CD
655,17,1,864,5.45,2015-10-21 00:00:00,Sid and Lizzie Party Dance CD
657,1,1,865,9.95,2015-10-26 00:00:00,Sid Cuddly Toy
658,2,1,866,9.95,2015-11-01 00:00:00,Lizzie Cuddly Toy
659,2,1,867,9.95,2015-11-01 00:00:00,Lizzie Cuddly Toy
660,2,1,868,9.95,2015-11-01 00:00:00,Lizzie Cuddly Toy
661,22,2,869,8.95,2015-11-01 00:00:00,Sid and Lizzie Trolley Bag
662,22,2,870,8.95,2015-11-01 00:00:00,Sid and Lizzie Trolley Bag
663,22,2,871,8.95,2015-11-01 00:00:00,Sid and Lizzie Trolley Bag
664,22,2,872,8.95,2015-11-01 00:00:00,Sid and Lizzie Trolley Bag
665,22,2,873,8.95,2015-11-01 00:00:00,Sid and Lizzie Trolley Bag
666,22,2,874,8.95,2015-11-01 00:00:00,Sid and Lizzie Trolley Bag
667,1,1,875,9.95,2015-11-01 00:00:00,Sid Cuddly Toy
667,9,2,876,4.75,2015-11-01 00:00:00,Sid and Lizzie photoframe
668,1,1,877,9.95,2015-11-01 00:00:00,Sid Cuddly Toy
668,9,2,878,4.75,2015-11-01 00:00:00,Sid and Lizzie photoframe
669,1,1,879,9.95,2015-11-01 00:00:00,Sid Cuddly Toy
669,9,2,880,4.75,2015-11-01 00:00:00,Sid and Lizzie photoframe
670,1,1,881,9.95,2015-11-01 00:00:00,Sid Cuddly Toy
670,9,2,882,4.75,2015-11-01 00:00:00,Sid and Lizzie photoframe
671,1,1,883,9.95,2015-11-01 00:00:00,Sid Cuddly Toy
671,9,2,884,4.75,2015-11-01 00:00:00,Sid and Lizzie photoframe
672,1,1,885,9.95,2015-11-01 00:00:00,Sid Cuddly Toy
672,9,2,886,4.75,2015-11-01 00:00:00,Sid and Lizzie photoframe
673,1,1,887,9.95,2015-11-01 00:00:00,Sid Cuddly Toy
673,9,2,888,4.75,2015-11-01 00:00:00,Sid and Lizzie photoframe
674,1,1,889,9.95,2015-11-01 00:00:00,Sid Cuddly Toy
674,9,2,890,4.75,2015-11-01 00:00:00,Sid and Lizzie photoframe
675,1,1,891,9.95,2015-11-01 00:00:00,Sid Cuddly Toy
675,9,2,892,4.75,2015-11-01 00:00:00,Sid and Lizzie photoframe
676,1,1,893,9.95,2015-11-01 00:00:00,Sid Cuddly Toy
676,9,2,894,4.75,2015-11-01 00:00:00,Sid and Lizzie photoframe
677,1,1,895,9.95,2015-11-01 00:00:00,Sid Cuddly Toy
677,9,2,896,4.75,2015-11-01 00:00:00,Sid and Lizzie photoframe
678,1,1,897,9.95,2015-11-01 00:00:00,Sid Cuddly Toy
678,9,2,898,4.75,2015-11-01 00:00:00,Sid and Lizzie photoframe
679,1,1,899,9.95,2015-11-01 00:00:00,Sid Cuddly Toy
679,9,2,900,4.75,2015-11-01 00:00:00,Sid and Lizzie photoframe
680,1,1,901,9.95,2015-11-01 00:00:00,Sid Cuddly Toy
680,9,2,902,4.75,2015-11-01 00:00:00,Sid and Lizzie photoframe
681,1,1,903,9.95,2015-11-01 00:00:00,Sid Cuddly Toy
681,9,2,904,4.75,2015-11-01 00:00:00,Sid and Lizzie photoframe
682,1,1,905,9.95,2015-11-01 00:00:00,Sid Cuddly Toy
682,9,2,906,4.75,2015-11-01 00:00:00,Sid and Lizzie photoframe
683,1,1,907,9.95,2015-11-01 00:00:00,Sid Cuddly Toy
683,9,2,908,4.75,2015-11-01 00:00:00,Sid and Lizzie photoframe
684,17,1,909,5.45,2015-11-04 00:00:00,Sid and Lizzie Party Dance CD

